{"cameraMode":{"drawMode":0,"name":"Shaded","section":"Shading Mode"},"sceneLighting":false,"audioPlay":false,"sceneViewState":{"m_AlwaysRefresh":false,"showFog":true,"showSkybox":false,"showFlares":true,"showImageEffects":true,"showParticleSystems":true,"showVisualEffectGraphs":true,"m_FxEnabled":true},"in2DMode":false,"pivot":{"x":0.17006807029247285,"y":0.11260576546192169,"z":-0.08017794787883759},"rotation":{"x":0.034592680633068088,"y":0.11020627617835999,"z":-0.003826053347438574,"w":0.9933169484138489},"size":0.7781120538711548,"orthographic":false}