{"cameraMode":{"drawMode":0,"name":"Shaded","section":"Shading Mode"},"sceneLighting":false,"audioPlay":false,"sceneViewState":{"m_AlwaysRefresh":false,"showFog":true,"showSkybox":false,"showFlares":true,"showImageEffects":true,"showParticleSystems":true,"showVisualEffectGraphs":true,"m_FxEnabled":true},"in2DMode":false,"pivot":{"x":0.19537529349327088,"y":-0.20740273594856263,"z":-0.1530710756778717},"rotation":{"x":0.17219342291355134,"y":0.17287877202033997,"z":-0.03070048987865448,"w":0.9693062901496887},"size":0.3745880722999573,"orthographic":false}