{"cameraMode":{"drawMode":0,"name":"Shaded","section":"Shading Mode"},"sceneLighting":false,"audioPlay":false,"sceneViewState":{"m_AlwaysRefresh":false,"showFog":true,"showSkybox":false,"showFlares":true,"showImageEffects":true,"showParticleSystems":true,"showVisualEffectGraphs":true,"m_FxEnabled":true},"in2DMode":false,"pivot":{"x":-0.0770883858203888,"y":-0.1855395883321762,"z":-0.04832841455936432},"rotation":{"x":0.21445122361183167,"y":0.12027554214000702,"z":-0.02660941332578659,"w":0.9689539074897766},"size":0.2737581133842468,"orthographic":false}