{"cameraMode":{"drawMode":0,"name":"Shaded","section":"Shading Mode"},"sceneLighting":false,"audioPlay":false,"sceneViewState":{"m_AlwaysRefresh":false,"showFog":true,"showSkybox":false,"showFlares":true,"showImageEffects":true,"showParticleSystems":true,"showVisualEffectGraphs":true,"m_FxEnabled":true},"in2DMode":false,"pivot":{"x":0.19004084169864655,"y":-0.37187373638153078,"z":-0.21540923416614533},"rotation":{"x":0.17219342291355134,"y":0.17287877202033997,"z":-0.03070048987865448,"w":0.9693062901496887},"size":0.5192651152610779,"orthographic":false}