{"cameraMode":{"drawMode":0,"name":"Shaded","section":"Shading Mode"},"sceneLighting":false,"audioPlay":false,"sceneViewState":{"m_AlwaysRefresh":false,"showFog":true,"showSkybox":false,"showFlares":true,"showImageEffects":true,"showParticleSystems":true,"showVisualEffectGraphs":true,"m_FxEnabled":true},"in2DMode":false,"pivot":{"x":0.03727073594927788,"y":0.22487366199493409,"z":0.049211110919713977},"rotation":{"x":-0.006178360432386398,"y":0.05946018546819687,"z":0.00037975292070768774,"w":0.998229444026947},"size":0.4768047034740448,"orthographic":false}