{"cameraMode":{"drawMode":0,"name":"Shaded","section":"Shading Mode"},"sceneLighting":false,"audioPlay":false,"sceneViewState":{"m_AlwaysRefresh":false,"showFog":true,"showSkybox":false,"showFlares":true,"showImageEffects":true,"showParticleSystems":true,"showVisualEffectGraphs":true,"m_FxEnabled":true},"in2DMode":false,"pivot":{"x":-0.0009993218118324876,"y":-0.04653621092438698,"z":0.07727597653865814},"rotation":{"x":-0.008171622641384602,"y":0.06544747203588486,"z":0.0005491197225637734,"w":0.9978401064872742},"size":0.426444411277771,"orthographic":false}