{"cameraMode":{"drawMode":0,"name":"Shaded","section":"Shading Mode"},"sceneLighting":false,"audioPlay":false,"sceneViewState":{"m_AlwaysRefresh":false,"showFog":true,"showSkybox":false,"showFlares":true,"showImageEffects":true,"showParticleSystems":true,"showVisualEffectGraphs":true,"m_FxEnabled":true},"in2DMode":false,"pivot":{"x":5.960464477539063e-8,"y":-1.5133991837501526e-9,"z":-5.960464477539063e-8},"rotation":{"x":0.17219342291355134,"y":0.17287877202033997,"z":-0.03070048987865448,"w":0.9693062901496887},"size":1.355583667755127,"orthographic":false}