{"cameraMode":{"drawMode":0,"name":"Shaded","section":"Shading Mode"},"sceneLighting":false,"audioPlay":false,"sceneViewState":{"m_AlwaysRefresh":false,"showFog":true,"showSkybox":false,"showFlares":true,"showImageEffects":true,"showParticleSystems":true,"showVisualEffectGraphs":true,"m_FxEnabled":true},"in2DMode":false,"pivot":{"x":-0.006363464519381523,"y":-0.0032803528010845186,"z":0.009499135427176953},"rotation":{"x":-0.25510773062705996,"y":0.5258869528770447,"z":-0.16902385652065278,"w":-0.79364413022995},"size":0.02140333503484726,"orthographic":false}