{"cameraMode":{"drawMode":0,"name":"Shaded","section":"Shading Mode"},"sceneLighting":false,"audioPlay":false,"sceneViewState":{"m_AlwaysRefresh":false,"showFog":true,"showSkybox":false,"showFlares":true,"showImageEffects":true,"showParticleSystems":true,"showVisualEffectGraphs":true,"m_FxEnabled":true},"in2DMode":false,"pivot":{"x":0.09689568728208542,"y":-0.25352025032043459,"z":-0.1348188817501068},"rotation":{"x":0.17219342291355134,"y":0.17287877202033997,"z":-0.03070048987865448,"w":0.9693062901496887},"size":0.4287564158439636,"orthographic":false}