{"cameraMode":{"drawMode":0,"name":"Shaded","section":"Shading Mode"},"sceneLighting":false,"audioPlay":false,"sceneViewState":{"m_AlwaysRefresh":false,"showFog":true,"showSkybox":false,"showFlares":true,"showImageEffects":true,"showParticleSystems":true,"showVisualEffectGraphs":true,"m_FxEnabled":true},"in2DMode":false,"pivot":{"x":-0.002464796183630824,"y":-0.22761482000350953,"z":0.08011677116155625},"rotation":{"x":0.11437781155109406,"y":0.05609578639268875,"z":-0.00645768316462636,"w":0.9918493628501892},"size":0.5674943327903748,"orthographic":false}