{"cameraMode":{"drawMode":0,"name":"Shaded","section":"Shading Mode"},"sceneLighting":false,"audioPlay":false,"sceneViewState":{"m_AlwaysRefresh":false,"showFog":true,"showSkybox":false,"showFlares":true,"showImageEffects":true,"showParticleSystems":true,"showVisualEffectGraphs":true,"m_FxEnabled":true},"in2DMode":false,"pivot":{"x":-0.08263503760099411,"y":0.05447399988770485,"z":0.1345825344324112},"rotation":{"x":0.0008100800332613289,"y":0.022493857890367509,"z":-0.000006063371529307915,"w":0.9997644424438477},"size":0.3755318522453308,"orthographic":false}