{"cameraMode":{"drawMode":0,"name":"Shaded","section":"Shading Mode"},"sceneLighting":false,"audioPlay":false,"sceneViewState":{"m_AlwaysRefresh":false,"showFog":true,"showSkybox":false,"showFlares":true,"showImageEffects":true,"showParticleSystems":true,"showVisualEffectGraphs":true,"m_FxEnabled":true},"in2DMode":false,"pivot":{"x":0.011606164276599884,"y":0.06382764875888825,"z":-0.010894395411014557},"rotation":{"x":-0.021060576662421228,"y":0.10925386101007462,"z":0.0023276456631720068,"w":0.9938064813613892},"size":0.4357764720916748,"orthographic":false}